Signature.1	Signature.2	Signature.3	Signature.4	Signature.5	Signature.6	Signature.7	Signature.8	Signature.9	Signature.10	Signature.11	Signature.12	Signature.13	Signature.14	Signature.15	Signature.16	Signature.17	Signature.18	Signature.19	Signature.20	Signature.21	Signature.22	Signature.23	Signature.24	Signature.25	Signature.26	Signature.27	Signature.28	Signature.29	Signature.30
C>A_ACA	0.01109833	0.00068271	0.02217231	0.0365	0.01494155	0.0017	4e-04	0.036718	0.012	7e-04	2e-04	0.0077	0.00033476	1e-04	0.0013	0.0161	0.00183202	0.05053642	0.0107	0.00117996	1e-04	0.00150407	0.00045336	0.02864599	0.00989677	0.00203977	0.00520563	0.00139744	0.06998199	0
C>A_ACC	0.00914934	0.00061911	0.01787168	0.0309	0.00896092	0.0028	5e-04	0.03324572	0.0067	0.001	0.001	0.0047	0.00064874	0.0042	0.004	0.0097	0.00034224	0.01093982	0.0074	0.00221151	7e-04	0.00245101	0.0003668	0.02021464	0.00699893	0.00148716	0.00473823	0.00091719	0.05515236	0
C>A_ACG	0.00149007	9.928e-05	0.00213834	0.0183	0.00220785	5e-04	0	0.00252531	5e-04	3e-04	0	0.0017	3.814e-05	5e-04	0	0.0022	1.58e-06	0.00228807	5e-04	1.6e-07	0	0	0	0.020479	0.00144844	0.00028395	0.0007827	0	0.01784698	0.0019673
C>A_ACT	0.00623389	0.00032389	0.01626515	0.0243	0.00920691	0.0019	4e-04	0.03359855	0.0068	0.0092	2e-04	0.0046	0.00084666	0.0296	0.0057	0.0088	0.00317966	0.01942409	0.0074	0.00300801	6e-04	0.00092245	0	0.02460015	0.00496657	0.00059787	0.00271824	0.00051341	0.02680472	0
C>A_CCA	0.00659587	0.00067744	0.01878173	0.0461	0.0096749	0.0101	0.0012	0.03172376	0.0098	0.0031	7e-04	0.0135	0.00171009	0.0056	0.0106	0.0159	0.00103243	0.08876811	0.0112	0.01737711	0.002	0.00454969	0.00016474	0.06355928	0.01483295	0.00370585	0.00506507	0.00116852	0.05141021	0
C>A_CCC	0.00734237	0.00021368	0.01576046	0.0614	0.0049523	0.0241	6e-04	0.02550541	0.0057	9e-04	0.0017	0.0112	0.00115926	0.0102	0.0084	0.01	0.00042188	0.02064139	0.0159	0.03650246	0.0014	0.00376447	0.00073687	0.033757	0.00782218	0.00398072	0.00223415	0.00033429	0.02582565	0
C>A_CCG	0.00089284	6.77e-06	0.00196339	0.0088	0.00280063	0.0091	0	0.00115962	0	7e-04	0.001	0.0028	0.00024417	9e-04	0.0015	0.0022	0.00029746	0.0171784	0.0018	0.01248259	0.0027	0.00090016	0.00016395	0.02242899	0.00127698	0.00081174	0.00026631	5.365e-05	0.01449618	0.0022624
C>A_CCT	0.00718658	0.00041633	0.01472286	0.0432	0.01101347	0.0571	0.0013	0.02879117	0.0091	0.016	0.0014	0.0071	0.00125677	0.1257	0.0228	0.0084	3.148e-05	0.03767696	0.0096	0.10340123	0.0056	0.00443985	0.00072273	0.02008652	0.01256365	0.01903843	0.00310057	0.00018667	0.04035507	0
C>A_GCA	0.0082326	0.00035201	0.00969654	0.0376	0.01189217	0.0024	3e-04	0.02368233	0.0118	0.0014	4e-04	0.0062	0.00013211	0.0018	0.0024	0.0096	0.0065354	0.12872416	0.0032	0.00111612	1e-04	0.00129837	0.00034991	0.05467645	0.0134653	0.00137531	0.01075587	0.00213663	0.07804661	0.008853
C>A_GCC	0.00575802	0.00013382	0.01084334	0.0399	0.00924786	0.0058	1e-04	0.0158219	0.0092	0.0022	0.001	0.0056	0.00075424	0.0114	0.0099	0.0094	0.0012938	0.01609288	0.0031	0.00327143	0.0038	0.00180962	0.00056834	0.10994599	0.0064683	0.00196164	0.01244234	0.00042921	0.07346091	0.0093449
C>A_GCG	0.00061634	0.00017844	0.00092914	0.0227	0.00280919	0.0021	0	0.00085091	0	2e-04	0	0.0015	9.682e-05	0.0011	0.0013	0.0036	0.00128366	0.00927142	0	0.00375161	3e-04	0.00033384	0.00014942	0.04652487	0.0006581	1.323e-05	0.00162963	0	0.0173833	0.0008853
C>A_GCT	0.00445908	0.00012283	0.01221538	0.0258	0.01030127	0.0087	1e-04	0.02106124	0.0085	0.0088	6e-04	0.0027	0.0005511	0.0736	0.0309	0.0063	0.00310377	0.07201707	0.0072	0.01293719	0.0023	0.00051915	0	0.05042871	0.01047308	0.001935	0.00741236	0.00131851	0.05960247	0.0081645
C>A_TCA	0.01225006	0.01512743	0.01165322	0.033	0.01477402	0.0017	0.001	0.02703238	0.0222	0.0374	9e-04	0.0066	0.04816605	5e-04	0.0057	0.0122	0.00182456	0.06708064	0.0051	0.0006883	1e-04	0.00405163	0.00207129	0.03145126	0.00693815	0.00268006	0.00707928	0.0007759	0.02689441	0
C>A_TCC	0.01116223	0.00653249	0.01660678	0.0538	0.01204346	0.0029	0.002	0.01808977	0.0043	0.0103	0.0025	0.0099	0.01732956	0.0166	0.0062	0.0145	0.00128652	0.04186901	0.0063	0.00405823	5e-04	0.00273977	0.00069641	0.06253829	0.01024661	0.00203164	0.0062688	0.00082929	0.03160814	0
C>A_TCG	0.0022755	0.00165646	0.00135724	0.0104	0.00390236	0.0011	2e-04	0.00169488	0	0.0031	1e-04	0.0019	0.00229316	0	0.0025	0.004	0.00217294	0.01516238	0.0018	0.0010011	0	0.00051315	9.939e-05	0.01280259	0	0.00026507	0.0014464	0	0.01250047	0.0016722
C>A_TCT	0.0152591	0.01239461	0.01632808	0.037	0.0182434	0.0058	0.0013	0.03814133	0.0322	0.3083	4e-04	0.0049	0.01863458	0.0516	0.0145	0.0157	0.00501232	0.11787785	0.0087	0.0122291	4e-04	0.00360565	0.00020743	0.03029768	0.02462579	0.00301719	0.00980628	0.00199807	0.04120718	0
C>G_ACA	0.00180107	0.00026348	0.02400262	0.0097	0.01167102	0.0013	0	0.00835684	0.0048	5e-04	7e-04	0.0031	0.00377517	1e-04	0.0011	0.0048	0.0016617	0.00151689	0.0058	0.00069704	5e-04	0.00052764	0	0.01199304	0.00803257	0.00127288	0.00132416	0.00025519	0.00930197	0
C>G_ACC	0.00258091	0.00026987	0.0121603	0.0054	0.00729209	0.0012	0	0.00430638	0.0023	3e-04	3e-04	0.0015	0.00092082	0	1e-04	0.0024	0.0016269	0.00249878	0.0019	0.00205931	8e-04	0	0	0.00842512	0.00163597	0.00152819	0.00177108	0.0002689	0.00347905	0
C>G_ACG	0.00059255	0.00021923	0.00527542	0.0031	0.00230384	0	0	0.00058442	0	0	0	0	1.989e-05	0	6e-04	0	2.58e-05	0.00261451	0	1.273e-05	0	0	0	0	0	0.00030725	0	0	0.00015443	0.00482
C>G_ACT	0.00296399	0.00061097	0.02327766	0.0054	0.01169625	0.0018	1e-04	0.00863491	0.0038	2e-04	9e-04	0.0025	0.00386063	1e-04	0.001	0.0073	0.00132851	0.00398301	0.0072	0.00084859	0.0018	0.00029945	0	0.00388138	0.00342845	0.00249825	0.00132272	0.0003077	0.00397679	0
C>G_CCA	0.00128498	2.777e-05	0.01683257	0.0105	0.00753752	0	1e-04	0.00661908	0.0018	0	0	0.0019	0.00533365	0	9e-04	0.004	0.00192498	0.00045846	2e-04	1.332e-05	1e-04	0.00058202	0.00019905	0.01347682	0.00720079	0.00127911	0.00473065	0.00010337	0.00261886	0
C>G_CCC	0.00070213	0.00027964	0.01353144	0.0097	0.00763323	0	4e-04	0.0060777	0.002	0	2e-04	0.0019	0.0009123	0	3e-04	0.005	0.00070937	0.00365423	0.0028	0.00054814	0	0.0008253	0.00028378	0.01610569	0.00459847	0.00121498	0.00126164	0.00014431	0.00111151	0
C>G_CCG	0.00050629	1.916e-05	0.00417646	0.0063	0.00261376	0	6e-04	0.00065603	0	0	8e-04	0	0.00028547	0	4e-04	0.0028	3.52e-06	0.00540577	2e-04	0	0	0.00038211	0	0.00079747	0.00082371	0.00020783	0.00036086	0	0.00152005	0.0032461
C>G_CCT	0.00138154	0.00031278	0.02404639	0.0094	0.0094171	2e-04	3e-04	0.00780503	0.0039	0	2e-04	0.0019	0.0063831	0	0.0017	0.008	0.00095378	0.0055196	8e-04	0.00012073	3e-04	0.00176065	0.00019578	0.01038867	0.00019636	0.00229703	0.00026803	0.000291	0.00013975	0
C>G_GCA	0.00060212	4.484e-05	0.01191684	0.007	0.00555942	0	0	0.00372457	0.0011	0	0	0.0012	0.00134942	2e-04	0.0022	0.0031	0.00129632	0.00092388	0.002	0.00133977	4e-04	0	0	0.00494506	0.00416966	0.00132061	0.00141817	8.159e-05	0.00026576	0.0073775
C>G_GCC	0.00239335	1.452e-05	0.00982365	0.0091	0.0053888	0.003	4e-04	0.0030466	0.0029	2e-04	2e-04	0.0011	0.00078881	1e-04	5e-04	0.0032	0.00026076	0.00064865	0	0.00181115	0.0042	0	0.0001375	0.00936988	0.0023928	0.0018455	0.00134672	0.00010522	0.00094501	0.0065906
C>G_GCG	2.5e-07	4.067e-05	0.00167105	0.0062	0.00110059	0	0	0.00032121	0	0	0	0	8.179e-05	0	6e-04	0	4.38e-06	0.00054284	0	6.4e-07	0	0.0002147	0	0.00562573	0.00041819	0.00020506	0	0	0	0.0015739
C>G_GCT	0.00089008	0.00026843	0.01791433	0.006	0.00604125	0.0017	0	0.00577566	0.0044	4e-04	0	9e-04	0.00268012	3e-04	0.0018	0.0029	0.00182039	0.00137672	0	0.00123826	4e-04	0.00053844	0	0.00305577	0.00199401	0.00122553	0.00456069	0.00015968	0.00479674	0
C>G_TCA	0.00187485	0.03724185	0.01604141	0.0032	0.00268106	0	2e-04	0.00411788	0.0033	0	1e-04	0.0024	0.28023495	0	9e-04	0.005	0.00039268	0.00180297	5e-04	2.43e-05	2e-04	0.00022549	0.00023061	0.01022086	0.00979872	0.0042019	0.00287043	0.00052137	0.00082044	0
C>G_TCC	0.00206742	1.941e-05	0.02014992	0.0105	0.00792405	2e-04	0.001	0.00379965	0.0025	0	0.0011	0.0027	0.06388529	0	0.0026	0.0064	0.0006556	0.00786301	0.0011	0.000152	3e-04	0.0006287	0.00016579	0.00757837	0.00326651	0.00280776	0.00310797	0.00066733	0.00044412	0
C>G_TCG	0.0003049	0.00162547	0.00252791	0.0031	0.00131908	0	3e-04	2.565e-05	0	0	3e-04	0	0.00952849	0	0	0	1.364e-05	0.00151322	0	0	0	0.00039581	0	0.00159271	0.00205744	1e-08	1.281e-05	0	0.0001433	0.0019673
C>G_TCT	0.00315157	0.0668799	0.03267364	0.005	0.0066446	1e-04	7e-04	0.00624755	0.0049	1e-04	8e-04	0.0015	0.33022548	1e-04	0.0015	0.0169	0.00285238	0.0035671	0.0105	0.00068306	3e-04	0.00025738	0.00043896	0.00610073	0.01640092	0.00801938	0.00213059	0.00124578	0.00136987	0
C>T_ACA	0.02951453	0.00744156	0.01787217	0.012	0.02183919	0.0312	0	0.01806669	0.0093	0	0.0225	0.0121	0.00148018	0.0293	0.0117	0.0135	0.00935049	0.00382562	0.0221	0.03285805	0.0051	0.00311339	0.01976715	0.00631552	0.02098762	0.00590723	0.01372329	0.00543379	0.00519722	0.065119
C>T_ACC	0.01432275	0.00272631	0.00889603	0.0075	0.01275611	0.0163	0.0197	0.00565002	0.0056	0.0032	0.1099	0.0054	4.051e-05	0.0321	0.0169	0.0076	0.00422429	0.00246521	0.0203	0.02219605	0.0062	0.00152486	0.08188058	0.00384433	0.01314128	0.01062646	0.00542431	0.00181542	0.00897647	0.054397
C>T_ACG	0.17164693	0.00332208	0.00357271	0.0028	0.01676018	0.0908	1e-04	0.01926511	0.0125	0.0126	0.0072	0.0019	0.00031659	0.0496	0.0309	0.0035	0.00922921	0.00846396	0.0368	0.03457201	0.0256	0.00362564	0.00924872	0.00311066	0.01965989	0.01993032	0.00670643	0.00543204	0.031639	0.0204604
C>T_ACT	0.01262376	0.00332653	0.01479761	0.0059	0.01647795	0.0149	0.0043	0.02080597	0.0076	0.0047	0.0639	0.0067	0	0.0277	0.0066	0.0101	0.00573596	0.00560574	0.0266	0.01881956	0.003	0	0.03320965	0.00342042	0.00572852	0.01133453	0.00447561	0.00162921	0.00476967	0.0219359
C>T_CCA	0.02089645	0.01501951	0.01439506	0.021	0.02276921	0.0085	0.0754	0.00486581	0.0098	0.0012	0.031	0.0187	0.00364728	0.006	0.0051	0.021	0.02126521	0.00976751	0.0438	0.01114519	0.0034	0.00773135	0.06057263	0.00603545	0.01433399	0.00659444	0.01743848	0.00439153	0.00912647	0.0694472
C>T_CCC	0.0185017	0.00351692	0.00854478	0.0144	0.01750948	0.0099	0.1007	0.00398015	0.0069	0.0024	0.1518	0.0094	0.00100423	0.0167	0.0088	0.0098	0.00384724	0.00565483	0.0753	0.01815275	0.0091	0.00711085	0.18637563	0	0.00593664	0.00651063	0.00714487	0.00264766	0.0070676	0.0638403
C>T_CCG	0.09557722	0.00497928	0.00351847	0.0076	0.01286224	0.0901	0.0208	0.00833864	0.0076	0.0109	0.0135	0.0046	0.0001292	0.0293	0.0155	0.0016	0.01317611	0.01618322	0.0238	0.04438494	0.0318	0.00550203	0.01514908	0.00292442	0.01155939	0.01190494	0.00750356	0.00228456	0.01987518	0.0173126
C>T_CCT	0.01711331	0.00895655	0.01607555	0.0201	0.02042951	0.0087	0.0788	0.01884363	0.0097	0.0043	0.0816	0.0205	0.00061177	0.0186	0.0096	0.0211	0.00964803	0.00515332	0.1159	0.01384714	0.004	0.00416978	0.1560154	0.0039712	0.0136326	0.00623856	0.00714803	0.00242398	0.00163406	0.0342318
C>T_GCA	0.02494381	0.00639081	0.01612727	0.0087	0.02003826	0.0653	0	0.00226126	0.0062	0	0.0261	0.0124	0.00293414	0.0557	0.0476	0.0125	0.00206875	0.00270307	0.0374	0.05679395	0.0163	0.00191537	0.05328206	0.02367905	0.01003811	0.00960652	0.01421531	0.00338424	0.01163879	0.0485934
C>T_GCC	0.02716149	0.00199582	0.00820863	0.008	0.01802231	0.0773	0.021	0.00161665	0.0069	0.0134	0.0975	0.0092	0.00251517	0.0618	0.1345	0.0092	0.00032548	0.00419931	0.0614	0.05442986	0.0392	0.00322913	0.16291834	0.0159192	0.00695388	0.01950743	0.02014365	0.00168741	0.00378175	0.0494787
C>T_GCG	0.10357076	0.00030302	0.00121292	0.0023	0.01319382	0.1339	2e-04	0.01160671	0.0088	0.027	0.009	0.0023	0.00320526	0.0978	0.1829	9e-04	0.0075111	0.01189736	0.0278	0.00459269	0.0019	0.0033006	0.01304649	0.01264808	0.01046836	0.02250272	0.00936847	0.00218931	0.01968439	0.0157387
C>T_GCT	0.01768985	0.00326582	0.01061165	0.0082	0.01950292	0.0524	0.0161	0.00628493	0.0101	0.0152	0.0522	0.0115	0.00168773	0.0555	0.08	0.0116	0.0009257	0.00191338	0.0917	0.04958086	0.0166	0.00111406	0.1075904	0.01812978	0.00982382	0.01730747	0.00758963	0.00104399	0.00576134	0.0188865
C>T_TCA	0.0144921	0.4199414	0.00888021	0.0035	0.01099756	0.0074	0.1202	0.00718067	0.005	0.0037	0.0302	0.0138	0.11384209	0.0092	0.0112	0.0172	0.01610078	0.01492339	0.0218	0.01071032	0.0064	0.00201672	0.01455861	0.02657189	0.01107752	0.01130329	0.01875778	0.00762226	0.01207658	0.0849892
C>T_TCC	0.01768078	0.0819725	0.01352957	0.007	0.02064496	0.0067	0.2887	0.00406103	0.0084	0.0211	0.1589	0.0095	0.01502484	0.0283	0.0156	0.0131	0.01677998	0.00996274	0.033	0.00817551	0.0086	0.00199083	0.04351045	0.01205569	0.00644879	0.01080753	0.00798918	0.00511662	0	0.090301
C>T_TCG	0.07600222	0.04772019	0.00170541	0.0011	0.00753449	0.0391	0.0992	0.00553512	0.0047	0.2141	0.008	0.001	0.0061021	0.0094	0.0104	0.0036	0.0162721	0.01154972	0.009	0.0231639	0.0126	0.00149847	0.00275264	0.00536336	0.01408342	0.01036433	0.00460913	0.00191803	0.0158302	0.0151485
C>T_TCT	0.0137617	0.22867492	0.01030442	0.0077	0.01178746	0.0047	0.0844	0.01220907	0.0096	0.0392	0.0954	0.009	0.02814066	0.0229	0.0076	0.0193	0.01982742	0.00539801	0.0267	0.00954009	0.0064	0.00118223	0.02432879	0.0055325	0.01241859	0.00724915	0.01188093	0.00619316	0.01346214	0.045544
T>A_ATA	0.00402152	1.3e-07	0.00842856	0.0048	0.0089029	6e-04	0.001	0.01336508	0.0121	0	2e-04	0.0058	0.00124362	0	0.0021	0.0081	0.000613	0.00303721	0.0011	0.0005744	0.0083	0.04961923	0	0.00116675	0.02043053	0.00445934	0.14307639	0.00096403	0	0.0075743
T>A_ATC	0.00237114	0.00011307	0.0073731	0.0039	0.0073992	0.0033	8e-04	0.0124312	0.0042	2e-04	1e-04	0.0065	0.00106	8e-04	0.009	0.0073	0.00187859	0.00081117	0.0053	0.00197146	0.0292	0.01166674	0	1.517e-05	0.00889256	0.01282224	0.00146409	0.00336567	0.0030496	0.003738
T>A_ATG	0.00281091	0.00053293	0.0073573	0.01	0.01150805	0	9e-04	0.01403666	0.0068	0	7e-04	0.0046	0.00010255	0	9e-04	0.008	0.00108735	0.00450321	0.0045	0.00019059	0.0027	0.06791545	0.00023742	0.00633246	0.00624195	0.00117234	0.00122628	0.00178575	0.00390998	0.0065906
T>A_ATT	0.00836091	0.00014911	0.00875394	0.003	0.01119362	0.0053	0.0035	0.02410992	0.0185	0.0012	3e-04	0.006	0.00097181	9e-04	0.0079	0.0084	0.00204549	0.00273652	0.0033	0.0074211	0.0043	0.01459992	0	4.97e-06	0.01485088	0.00399314	0.0025352	0.00565309	0.00510553	0.0093447
T>A_CTA	0.00118259	0.0001546	0.00757132	0.0075	0.00504316	1e-04	0	0.01202422	0.0055	0	4e-04	0.0017	0.00028516	0	0.0016	0.0054	3.008e-05	0.00041235	0.0043	4.504e-05	0	0.08689855	0.00059453	0.00276663	0.02629632	0.00356142	0.33060102	0.00256658	0.00176545	0.0053118
T>A_CTC	0.00190317	0.00046402	0.01272546	0.0111	0.00620884	0.0026	0.0014	0.01788109	0.0049	1e-04	0.0011	0.0086	0.00022229	0.0034	0.0043	0.0128	0.01022375	0.00249141	0.0053	0.00438906	0.0037	0.05370685	0	0.00269446	0.01579988	0.00390161	0.0028136	0.0196109	0.00038336	0.0067873
T>A_CTG	0.00148796	0.00023041	0.01150856	0.0342	0.01050757	8e-04	7e-04	0.01635677	0.0051	3e-04	6e-04	0.0031	0.00028695	2e-04	0.0027	0.013	0.00446704	0.00552305	0.0021	0.00112784	0.0025	0.21322087	0.00017312	0.00691116	0.06286061	0.0023903	0.00439686	0.0088336	0.00355685	0.0082628
T>A_CTT	0.00217934	0.00057489	0.01645618	0.0115	0.00978464	0.0011	0.0018	0.0262478	0.0069	9e-04	4e-04	0.0054	8e-07	0.002	7e-04	0.0096	0.03124488	0.00331371	0.0022	0.00238554	0.001	0.06182751	0.00045781	0.0029152	0.03662235	0.00163592	0.00543089	0.01094261	0.00223276	0
T>A_GTA	0.00068929	0.00011499	0.00443478	0.0069	0.00674039	0	0	0.00813918	0.003	0	3e-04	0.0015	0.00013796	0	0	0.003	8.55e-06	0.00187543	0.0026	0.00016313	0	0.05370915	0	0.00222513	0.0362178	0.00224289	0.10985187	0.00055146	0.0029301	0.003738
T>A_GTC	0.00055241	0.00029386	0.00561543	0.0052	0.0040216	0.0028	0	0.00791008	0.0029	1e-04	3e-04	0.0039	0.00025287	0.0025	0.0038	0.004	0.00257347	0.00151031	0	0.00379918	0.0142	0.0094894	0.0001832	0.00485315	0.00584711	0.00520729	2.346e-05	0.00316399	0	0.0033445
T>A_GTG	0.00120023	8.872e-05	0.00807014	0.0133	0.00681435	6e-04	6e-04	0.00905726	0.0028	0	4e-04	0.0019	0.00015352	0	0.0026	0.0051	0.00353882	0.00150537	0.0016	0.00082833	0.0031	0.0502939	0	0.00019576	0.03824118	0.00135812	0.00156594	0.00215285	0.00053363	0.0050167
T>A_GTT	0.00210714	0.00021576	0.00867912	0.0045	0.00510103	0.0021	0.001	0.01781224	0.0036	4e-04	1e-04	0.0031	0.00012275	9e-04	0.0043	0.0033	0.00387901	0.00361103	0.0052	0.00190075	0.0041	0.01060146	0	0	0.02016795	0.00251311	0	0.00200773	0	0.0063939
T>A_TTA	0.00560016	8.075e-05	0.00713268	0.0045	0.00920564	2e-04	0.001	0.01514	0.0215	0	3e-04	0.0057	0.00040326	0	8e-04	0.0085	0.00069881	0.00466328	0.0039	0.00092455	0.0027	0.0408105	0	0	0.02183033	0.00062815	0.05281389	0.00020324	0.00119121	0.0076726
T>A_TTC	0.00199908	4.8e-06	0.0091028	0.0046	0.00683534	8e-04	0.0015	0.01209355	0.0027	8e-04	0	0.0132	0.00077181	0.0016	0.0019	0.0087	0.00257936	0.00257816	0.0048	0.00070821	0.0045	0.0255704	0	0.00799413	0.00340569	0.00507375	4.709e-05	0.01018096	0.00168266	0.0064922
T>A_TTG	0.00109007	6.661e-05	0.00656586	0.0082	0.00714421	0	0.001	0.00836255	0.014	0	0	0.0037	0.00024519	0	6e-04	0.0063	2.113e-05	0.00201674	0.0052	9.7e-05	0	0.06984522	0.00023153	0.01120214	0.01019152	2.014e-05	0	0.00325043	0.00243876	0.0036396
T>A_TTT	0.00398102	0.00027632	0.01471214	0.0045	0.01024085	7e-04	0.005	0.0276533	0.0139	0.0028	8e-04	0.0094	0.00016035	0.0012	3e-04	0.008	0.00388313	0.00281868	0.0085	0.00231349	8e-04	0.02357906	0	0.00027058	0.01452754	0.00123554	0.00192977	0.01649281	0	0
T>C_ATA	0.01391577	0.00130351	0.01303571	0.0084	0.03536674	0.0075	5e-04	0.01620651	0.0252	0.0031	6e-04	0.0466	0.00054945	0.0026	0.0115	0.0717	0.00269731	0.00293305	0.0145	0.01639506	0.0265	0.01683993	0.00106845	0.00472601	0.02066328	0.05502865	0.0050473	0.00409275	0.01011918	0
T>C_ATC	0.00627496	0.00042558	0.00918629	0.002	0.0137711	0.0056	1e-04	0.0077878	0.0105	0.0052	0.0015	0.0317	0.00014551	0.0046	0.0073	0.0171	0.00807815	0.00151328	0.0048	0.01925179	0.0165	0.00110826	0.00022157	0.00062795	0.00950248	0.0275946	0.00184569	0.00788073	0.00634968	0.0087547
T>C_ATG	0.01013764	0.00057547	0.01171692	0.0081	0.02844905	0.0217	7e-04	0.00985258	0.0176	0.0026	8e-04	0.0487	0.00027918	0.0035	0.0073	0.0348	0.00443287	0.00332967	0.0135	0.05478492	0.0224	0.00491362	0.0004988	0.00272376	0.01991149	0.05179104	0.00568881	0.00552083	0.01465961	0.0090498
T>C_ATT	0.00925632	0.00148816	0.01697887	0.0036	0.02730297	0.0023	0.0011	0.02182946	0.0247	0.004	3e-04	0.025	0.00026746	0.0025	0.0063	0.0497	0.00314037	0.00549132	0.016	0.00734127	0.0189	0.00263052	0.00031324	0.00712237	0.01448839	0.03907224	0.00259275	0.00323248	0.00789241	0
T>C_CTA	0.00417667	0.00054662	0.00789501	0.0052	0.01423863	0.0062	0.001	0.00517384	0.0154	5e-04	1e-04	0.0312	4.275e-05	6e-04	0.0032	0.0146	0.007427	0.00019217	0.0066	0.0148677	0.0219	0.00402735	0	0.00184888	0.00902801	0.03788938	0.00489908	0.020738	0	0
T>C_CTC	0.00525259	0.00039233	0.01443117	0.0026	0.0124895	0.004	8e-04	0.01093689	0.0118	0.0019	4e-04	0.0385	4.331e-05	0.0053	0.005	0.0194	0.039657	0.00305019	0.007	0.01835616	0.01	0.00135244	0	0.00445369	0.01077163	0.02174073	0.00572445	0.0432838	0.00277495	0
T>C_CTG	0.00701323	0.00036202	0.00842297	0.01	0.01874163	0.027	0.001	0.00565777	0.0154	0.0015	1e-04	0.0415	5.427e-05	0.0016	0.0128	0.019	0.0286097	0.00259646	0.004	0.07415056	0.0211	0.00274967	0.0003207	0	0.01335066	0.0472401	0.00566148	0.03708826	0.00690241	0
T>C_CTT	0.00671381	0.0005609	0.01193243	0.0054	0.01905408	0.0033	0.0045	0.01112039	0.0275	0.002	9e-04	0.0324	7.6e-07	0.0027	0.0035	0.0263	0.10186966	0.00131003	0.0053	0.01100112	0.0204	0.00236335	0	0.00159739	0.00896103	0.02074062	0.00390059	0.00505272	0.00304142	0
T>C_GTA	0.01124784	4.67e-06	0.00685006	0.0061	0.01629498	0.0122	2e-04	0.00572078	0.0091	0.0064	0.001	0.0573	0.00105408	0.0078	0.0195	0.0161	1.14e-05	0.00052913	0.0039	0.00246932	0.1426	0.00421745	0.00025117	0.00126975	0.01748982	0.09805282	0.00477738	0.00365505	0.0070908	0
T>C_GTC	0.00699972	0.00018607	0.00626075	0.0016	0.00957456	0.0059	1e-04	0.00518105	0.0097	0.0101	0.0016	0.0274	0.0005299	0.0127	0.0499	0.0099	0.00965771	0.00227913	0.003	0.00156563	0.0665	0	0.00053822	0.00671034	0.00404561	0.04022636	0.00196495	0.00707118	0.00711133	0.0065906
T>C_GTG	0.00497759	5e-07	0.00609876	0.0042	0.01410393	0.0115	3e-04	0.00504071	0.0094	0.0054	0.0019	0.041	0.0006301	0.0082	0.0154	0.0148	0.00465413	0.00587106	0.006	0.02734176	0.0884	0.00147488	0	0.00027768	0.01340225	0.0446207	0.00122917	0.00823224	0.00564306	0.0078694
T>C_GTT	0.01066741	0.0005786	0.00750934	0.0024	0.01566687	0.0042	0.0081	0.00848822	0.0126	0.0124	0.0023	0.0405	0.00067619	0.0086	0.0094	0.0142	0.00814923	0.00477157	0.0099	0.00149826	0.1003	0.00156104	0.00099577	0.00423848	0.01415969	0.05552807	0.00374723	0.00040788	0.01123767	0.0084596
T>C_TTA	0.00807362	0.00010193	0.0091155	0.0028	0.01705964	0.0059	0.0023	0.00490107	0.0156	0.003	2e-04	0.05	0.00078406	0.0018	0.0068	0.0246	0.00170859	0.0003023	0.0052	0.00573423	0.0389	0.00480367	0	0.00168229	0.01451505	0.02878968	0.00172102	0.00992955	0.01149867	0
T>C_TTC	0.00485738	0.00047034	0.01095379	0.0016	0.01419571	0.0035	0.0018	0.00608101	0.0137	0.0097	9e-04	0.0342	0.00013297	0.0056	0.0099	0.0183	0.01107415	0.00626079	0.002	0.01123425	0.0313	0.00091216	0.00023061	0.00234453	0.00740608	0.03663949	0.00348921	0.02901056	0.00358422	0.0091481
T>C_TTG	0.00832545	0.00019235	0.00611303	0.0036	0.0125965	0.0106	0.0019	0.00171248	0.0098	0.0065	7e-04	0.032	3.74e-05	0.0034	0.0039	0.0165	0.005932	0.00154127	0.0057	0.02376761	0.0249	0.00178174	0.00023951	0.00048127	0.00489253	0.01914369	0.00115285	0.01568322	0.0016943	0.0060004
T>C_TTT	0.00625711	0.00058533	0.01077434	0.0022	0.01737514	0.0029	0.0024	0.01000344	0.0309	0.0099	5e-04	0.0371	0.0001797	0.0026	0.0047	0.0174	0.00720822	0.0013578	0.0038	0.00539519	0.0274	0	0	0.00035815	0.01701478	0.02307169	0.00152796	0.01729156	0.00379971	0
T>G_ATA	0.00158764	3.372e-05	0.00235137	0	0.00346215	0	0	0.00421972	0.0335	0	0	0.0012	0.0003862	0	0	0.0052	5.314e-05	0.00038614	0.0014	1.77e-06	0	0.001652	0	0	0.00528168	8.065e-05	0.00113634	0.00636468	0	0.0053118
T>G_ATC	0.00178409	2.484e-05	0.00146423	2e-04	0.00224659	0.0017	0	0.00079367	0.0051	0.004	0	0.001	0.00011238	0.002	6e-04	0.0042	0.00646866	0.00125498	0	0.00038139	0.0031	0	0	0.00146395	0	0.00016317	0.00095898	0.01661091	0	0.0024592
T>G_ATG	0.00138583	0.00027345	0.00905378	0.0015	0.00549022	7e-04	9e-04	0.0068658	0.0052	0.0015	1e-04	0.0018	3.6e-05	7e-04	0.0012	0.0061	0.00348155	0.00236922	0.001	0.00065876	0.0016	0.00108687	0	0.00084761	0.00713642	0.00125508	6.766e-05	0.00659284	0.00292517	0.0062955
T>G_ATT	0.00315854	0.00021769	0.00703098	2e-04	0.00382123	0.0029	0	0.00293992	0.0193	0.0137	0	0.003	0.00019249	0.0056	0.0029	0.0076	0.03092638	0.0003386	0.0017	0.00053213	0.0018	0	0	0.00107546	0	0.00185038	0.00025603	0.0863929	0	0.0095416
T>G_CTA	0.00030269	0.00011378	0.00197418	0	0.00204165	1e-04	0	0.00242405	0.0216	0.0022	0	0.0013	1.509e-05	0	0	2e-04	9.147e-05	6.1e-05	0	2.326e-05	0	0.00112036	0	0	0	9.54e-05	0	0.00958984	0.00111685	0.0046233
T>G_CTC	0.0020985	2.21e-05	0.0058243	0.0013	0.0034785	0.004	8e-04	0.00209621	0.0064	0.0018	1e-04	0.0049	0.00014762	0.002	0.0019	0.0082	0.01981429	0.0020157	0.0011	0.00847649	5e-04	0.00106458	0.00019014	0.00218544	0.00288645	0.00391946	0.00038124	0.03391322	0	0.0060004
T>G_CTG	0.00159955	0.00022825	0.01046465	0.0046	0.00714746	0.005	9e-04	0.00660405	0.0126	0.0037	0.0011	0.0045	4.599e-05	5e-04	7e-04	0.0067	0.01344984	0.00531197	0.0013	0.01538378	4e-04	0.00418857	0	0.00011391	0.01176949	0.00549736	0.00040326	0.01851648	0.00216969	0.0073775
T>G_CTT	0.00275854	6.711e-05	0.00872439	0.0012	0.01148681	0.0086	0.0013	0.00486671	0.0509	0.0182	9e-04	0.0063	0.00046371	0.0063	0.0045	0.0186	0.26145661	0.00234163	0.0019	0.00218539	0.0032	0.00162941	0.00021083	0.00253372	0.00855081	0.00678872	0.0014391	0.1189671	0.00114366	0.0091481
T>G_GTA	9.905e-05	9.555e-05	0.00414449	0	0.00162766	0	0	0.00097458	0.0072	0	0	0	1.849e-05	0	0	0	3.919e-05	0.00134153	0	3.58e-06	0	0	0	0	0.00554623	3.739e-05	0	0	0	0.0032461
T>G_GTC	0.00020237	4.7e-05	0.00450199	0	0.00032773	0.0016	0	0.00052482	6e-04	0.002	0	4e-04	9.337e-05	0.0019	0.0022	0.0032	0.00907846	9.2e-07	0	0.00283058	6e-04	0	0	0.00107363	0	0.0024607	5.079e-05	0	0	0.001869
T>G_GTG	0.00118835	0.00010993	0.01639145	0.0018	0.00594888	0.001	0.0017	0.00608775	0.005	9e-04	0.001	0.0011	1.058e-05	0.0012	0.0037	8e-04	0.00478278	0.009695	0.0043	0.00273322	4e-04	0.00187759	0.00018713	0.0029247	0.00868524	0.0008172	0.00474292	0.00421781	0.00364059	0.0033445
T>G_GTT	0.00080072	8.648e-05	0.00706724	2e-04	0.00330747	0.0035	9e-04	0.00542743	0.0185	0.003	0	0.0032	5.374e-05	0.0038	0.019	0.0044	0.06349776	0.00289055	0.0025	0.00355856	8e-04	0	0	0.0008251	0.00276857	0.00783356	0.00229848	0.031649	0.00618102	0.0056069
T>G_TTA	0.00139755	7.174e-05	0.00542718	0	0.00520287	9e-04	0	0.00174322	0.0502	0.005	0	0.0019	0.00054658	0	0	0.0068	0.00013341	3.632e-05	0.0032	2.7e-07	0	0.0016517	0	0	0.00208148	8.53e-06	0.00118902	0.00938966	0	0.0086563
T>G_TTC	0.00129174	1.428e-05	0.00616025	3e-04	0.00513161	0.0019	0.001	0.00254984	0.0081	0.0092	0	0.0027	0.00023535	0.0015	4e-04	0.0069	0.00961335	0.00323384	0.0018	0.00037723	0.0018	0	0	0	0.00057898	0.00271851	0.0002803	0.03011708	0	0.0043282
T>G_TTG	0.00203108	0.00020662	0.01107653	0.003	0.00605525	0.0011	0.001	0.0060304	0.0088	0.0022	3e-04	0.0011	4.8e-07	2e-04	9e-04	0.0049	0.00452246	0.0007546	0.0011	0.00051542	3e-04	0.00257275	0.0002475	0.0013605	0.0094292	0.00136916	0.00235306	0.01269875	0.0003537	0.0082628
T>G_TTT	0.00403013	2.36e-05	0.01300098	0.0011	0.01336994	0.0072	0.0014	0.007224	0.0545	0.0633	3e-04	0.0032	0.00067059	0.0025	0.0033	0.0163	0.05804041	0.00212644	0.0013	0.00061566	3e-04	0	0	6.952e-05	0.00786967	0.00256808	0.00013956	0.23365978	0.00610483	0
